{
  "0": {
    "precision": 0.9323671497584541,
    "recall": 0.8177966101694916,
    "f1-score": 0.871331828442438,
    "support": 236.0
  },
  "1": {
    "precision": 0.7514450867052023,
    "recall": 0.9027777777777778,
    "f1-score": 0.8201892744479495,
    "support": 144.0
  },
  "accuracy": 0.85,
  "macro avg": {
    "precision": 0.8419061182318281,
    "recall": 0.8602871939736347,
    "f1-score": 0.8457605514451938,
    "support": 380.0
  },
  "weighted avg": {
    "precision": 0.8638072100751166,
    "recall": 0.85,
    "f1-score": 0.851951492191895,
    "support": 380.0
  }
}