{
  "0": {
    "precision": 0.915929203539823,
    "recall": 0.8771186440677966,
    "f1-score": 0.8961038961038961,
    "support": 236.0
  },
  "1": {
    "precision": 0.8116883116883117,
    "recall": 0.8680555555555556,
    "f1-score": 0.8389261744966443,
    "support": 144.0
  },
  "accuracy": 0.8736842105263158,
  "macro avg": {
    "precision": 0.8638087576140674,
    "recall": 0.872587099811676,
    "f1-score": 0.8675150353002702,
    "support": 380.0
  },
  "weighted avg": {
    "precision": 0.8764273918908292,
    "recall": 0.8736842105263158,
    "f1-score": 0.8744365489685165,
    "support": 380.0
  }
}