{
  "accuracy": 0.7159965782720273,
  "f1_macro": 0.6887803884760672,
  "method": "sbert"
}