{
  "accuracy": 0.6963216424294268,
  "f1_macro": 0.6374723265153012
}